Floor,Unit,RMSE
1,1,43.2650740239241
1,2,132.69566041131978
1,3,100.54914003471085
1,4,17.694043130218073
2,1,17.64559404708162
2,2,110.84843171581065
2,3,113.7243144820923
2,4,72.20902640189637
3,1,172.53800905393263
3,2,109.39136554125713
3,3,55.01924207183064
3,4,41.43144855326882
4,1,28.596676871652036
4,2,143.66398009289674
4,3,21.254047638481335
4,4,34.551152507848016
5,1,56.63746315439436
5,2,107.53859599374945
5,3,33.16826884032877
5,4,86.41876206111758
