Floor,Unit,RMSE
1,1,153.07937033307564
1,2,182.61408337768816
1,3,230.76212287260256
1,4,120.26067286920251
2,1,118.79680378513169
2,2,217.01799497958606
2,3,194.38724598284074
2,4,74.01158897895897
3,1,136.97684716314154
3,2,232.30925421705768
3,3,230.45605173279148
3,4,105.21224697415909
4,1,174.36971460637704
4,2,190.73620234819643
4,3,152.93128215607229
4,4,161.1453890507597
5,1,199.71359034672207
5,2,292.7983369736394
5,3,189.84600462473213
5,4,166.2821345735891
